{
  "windows": {
    "Nt": 256,
    "W_tau": 24,
    "stride": 8,
    "n_windows": 30,
    "max_overlap": 16
  },
  "K": {
    "K_shape": [
      30,
      30
    ],
    "offdiag_max": 0.10260342084486178,
    "offdiag_std": 0.011734576578198248
  },
  "n_samples_used": 10
}