{
  "run_id": "run0003",
  "postprocess_only": true,
  "W_tau": 24,
  "epsilon": 1e-08,
  "knn_k": 7,
  "N_windows": 30,
  "macro_def": "|K|>0.0001",
  "n_macro": 57,
  "macro_frac": 0.1310344827586207,
  "fit_all": {
    "n": 435,
    "slope": 0.40888667135966233,
    "intercept": 10.221276845687193,
    "r2": 0.37473003201754695
  },
  "fit_macro": {
    "n": 57,
    "slope": 1.0941524263064326,
    "intercept": -0.3266240534349268,
    "r2": 0.9673419786463595
  }
}