{
  "run_id": "sweep_W32_S4",
  "results": [
    {
      "W_tau": 32,
      "stride_s_tau": 4,
      "epsilon": 1e-08,
      "knn_k": 7,
      "N_windows": 57,
      "macro_def": "|K|>0.0001",
      "n_macro": 370,
      "macro_frac": 0.23182957393483708,
      "fit_all": {
        "n": 1596,
        "slope": 0.7952461591299141,
        "intercept": 7.806683389003396,
        "r2": 0.365479018724735
      },
      "fit_macro_q20_q80": {
        "n": 370,
        "slope": 0.7091446197105636,
        "intercept": 0.8310223939784828,
        "r2": 0.6887675142304822
      }
    }
  ]
}