{
  "run_id": "sweep_W16_S12",
  "results": [
    {
      "W_tau": 16,
      "stride_s_tau": 12,
      "epsilon": 1e-08,
      "knn_k": 7,
      "N_windows": 21,
      "macro_def": "|K|>0.0001",
      "n_macro": 19,
      "macro_frac": 0.09047619047619047,
      "fit_all": {
        "n": 210,
        "slope": 0.37870021274040244,
        "intercept": 10.820685184675625,
        "r2": 0.3601966985737455
      },
      "fit_macro_q20_q80": {
        "n": 19,
        "slope": 1.0000000000000007,
        "intercept": 1.4536922408329105e-16,
        "r2": 1.0
      }
    }
  ]
}