{
  "run_id": "sweep_W24_S4",
  "results": [
    {
      "W_tau": 24,
      "stride_s_tau": 4,
      "epsilon": 1e-08,
      "knn_k": 7,
      "N_windows": 59,
      "macro_def": "|K|>0.0001",
      "n_macro": 279,
      "macro_frac": 0.16306253652834599,
      "fit_all": {
        "n": 1711,
        "slope": 0.41863827254169117,
        "intercept": 10.801060825101484,
        "r2": 0.29769840415066395
      },
      "fit_macro_q20_q80": {
        "n": 279,
        "slope": 0.9118992607943845,
        "intercept": 0.2840775781606502,
        "r2": 0.7582989622098402
      }
    }
  ]
}