{
  "run_id": "sweep_W24_S8",
  "results": [
    {
      "W_tau": 24,
      "stride_s_tau": 8,
      "epsilon": 1e-08,
      "knn_k": 7,
      "N_windows": 30,
      "macro_def": "|K|>0.0001",
      "n_macro": 57,
      "macro_frac": 0.1310344827586207,
      "fit_all": {
        "n": 435,
        "slope": 0.40986320131699727,
        "intercept": 10.239415004283664,
        "r2": 0.37154146059586124
      },
      "fit_macro_q20_q80": {
        "n": 57,
        "slope": 1.0541800387543467,
        "intercept": -0.1766404477050483,
        "r2": 0.9714152946906119
      }
    }
  ]
}