{
  "run_id": "sweep_W32_S12",
  "results": [
    {
      "W_tau": 32,
      "stride_s_tau": 12,
      "epsilon": 1e-08,
      "knn_k": 7,
      "N_windows": 19,
      "macro_def": "|K|>0.0001",
      "n_macro": 35,
      "macro_frac": 0.2046783625730994,
      "fit_all": {
        "n": 171,
        "slope": 0.6526945652289519,
        "intercept": 7.944178871528165,
        "r2": 0.4322894558447601
      },
      "fit_macro_q20_q80": {
        "n": 35,
        "slope": 0.9999999999999994,
        "intercept": -8.775416889764645e-17,
        "r2": 1.0
      }
    }
  ]
}