{
  "run_id": "sweep_W16_S8",
  "results": [
    {
      "W_tau": 16,
      "stride_s_tau": 8,
      "epsilon": 1e-08,
      "knn_k": 7,
      "N_windows": 31,
      "macro_def": "|K|>0.0001",
      "n_macro": 30,
      "macro_frac": 0.06451612903225806,
      "fit_all": {
        "n": 465,
        "slope": 0.2219238207526153,
        "intercept": 13.067181886171884,
        "r2": 0.2580628000205336
      },
      "fit_macro_q20_q80": {
        "n": 30,
        "slope": 0.9999999999999991,
        "intercept": 1.441992527821994e-15,
        "r2": 1.0
      }
    }
  ]
}