{
  "windows": {
    "Nt": 256,
    "W_tau": 24,
    "stride": 12,
    "n_windows": 20,
    "max_overlap": 12
  },
  "K": {
    "K_shape": [
      20,
      20
    ],
    "offdiag_max": 0.0925557104697728,
    "offdiag_std": 0.014010773210813388
  },
  "reused_K": false,
  "n_samples_used": 20
}