{
  "params": "outputs/worldsheet_polyakov/run0004/params.json",
  "run_dir": "outputs/worldsheet_polyakov/run0004",
  "W_tau": 24,
  "eps": 1e-08,
  "k": 7,
  "ell0": 1.0,
  "Kmin_min": 1e-06,
  "Kmin_max": 0.001,
  "n_points": 13,
  "kmins": [
    1e-06,
    1.778279410038923e-06,
    3.162277660168379e-06,
    5.623413251903491e-06,
    1e-05,
    1.778279410038923e-05,
    3.1622776601683795e-05,
    5.623413251903491e-05,
    0.0001,
    0.00017782794100389227,
    0.00031622776601683794,
    0.0005623413251903491,
    0.001
  ],
  "n_macro": [
    57,
    57,
    57,
    57,
    57,
    57,
    57,
    57,
    57,
    57,
    57,
    57,
    56
  ],
  "macro_frac": [
    0.1310344827586207,
    0.1310344827586207,
    0.1310344827586207,
    0.1310344827586207,
    0.1310344827586207,
    0.1310344827586207,
    0.1310344827586207,
    0.1310344827586207,
    0.1310344827586207,
    0.1310344827586207,
    0.1310344827586207,
    0.1310344827586207,
    0.12873563218390804
  ],
  "r2_macro": [
    0.9714152946906119,
    0.9714152946906119,
    0.9714152946906119,
    0.9714152946906119,
    0.9714152946906119,
    0.9714152946906119,
    0.9714152946906119,
    0.9714152946906119,
    0.9714152946906119,
    0.9714152946906119,
    0.9714152946906119,
    0.9714152946906119,
    0.9992931377664486
  ]
}