{
  "run_id": "sweep_W32_S8",
  "results": [
    {
      "W_tau": 32,
      "stride_s_tau": 8,
      "epsilon": 1e-08,
      "knn_k": 7,
      "N_windows": 29,
      "macro_def": "|K|>0.0001",
      "n_macro": 81,
      "macro_frac": 0.19950738916256158,
      "fit_all": {
        "n": 406,
        "slope": 0.6149633943576575,
        "intercept": 8.58768804586498,
        "r2": 0.3935136685516787
      },
      "fit_macro_q20_q80": {
        "n": 81,
        "slope": 1.0565662150214832,
        "intercept": -0.1839531157017986,
        "r2": 0.9733448662211133
      }
    }
  ]
}