{
  "run_id": "sweep_W16_S4",
  "results": [
    {
      "W_tau": 16,
      "stride_s_tau": 4,
      "epsilon": 1e-08,
      "knn_k": 7,
      "N_windows": 61,
      "macro_def": "|K|>0.0001",
      "n_macro": 176,
      "macro_frac": 0.09617486338797815,
      "fit_all": {
        "n": 1830,
        "slope": 0.280483160986543,
        "intercept": 12.244891666919896,
        "r2": 0.27783186439585295
      },
      "fit_macro_q20_q80": {
        "n": 176,
        "slope": 1.0961906434064357,
        "intercept": -0.23879581855152027,
        "r2": 0.9416498556123564
      }
    }
  ]
}